Transaction Date,Posted Date,Card No.,Description,Category,Debit,Credit
2024-08-07,2024-08-07,XXXX,MYBANK AUTOPAY PYMT,Payment/Credit,,13.2
2024-08-06,2024-08-07,XXXX,USPS PO 1049870271,Other Services,9.94,
2024-08-04,2024-08-05,XXXX,CREDIT-TRAVEL REWARD,Payment/Credit,,32.49
2024-08-04,2024-08-05,XXXX,MYBANK MOBILE PYMT,Payment/Credit,,80.0
2024-08-04,2024-08-05,XXXX,MYBANK MOBILE PYMT,Payment/Credit,,480.0
2024-08-03,2024-08-05,XXXX,TOIGO ORCHARDS II,Merchandise,0.78,
2024-08-03,2024-08-05,XXXX,SQ *F. J. MEDINA AND SONS,Other Services,2.4,
2024-08-03,2024-08-05,XXXX,HARRYS RESERVE,Merchandise,78.48,
2024-08-02,2024-08-05,XXXX,NEX FUEL 050460,Gas/Automotive,17.04,
2024-08-01,2024-08-03,XXXX,OOFOS,Merchandise,,33.9
2024-08-02,2024-08-03,XXXX,Amazon web services,Other Services,0.17,
2024-08-02,2024-08-03,XXXX,DECKERS*HOKA ONE ONE,Merchandise,25.44,
2024-08-02,2024-08-02,XXXX,PARKMOBILE,Gas/Automotive,1.72,
2024-08-01,2024-08-01,XXXX,F45 TRAINING SOMEWHERE,Entertainment,92.86,
2024-07-31,2024-08-01,XXXX,DREAM RECOVERY,Merchandise,20.06,
2024-07-31,2024-08-01,XXXX,SQ *WAN H. LEE MASSAGE TH,Health Care,41.11,
2024-07-31,2024-08-01,XXXX,WALMART.COM,Merchandise,4.66,
2024-07-30,2024-07-31,XXXX,LOY*MEDSTARHEALTH,Health Care,12.0,
2024-07-28,2024-07-29,XXXX,CVS/PHARMACY #07102,Health Care,9.68,
2024-07-27,2024-07-29,XXXX,NOURIA STORE 1010,Gas/Automotive,14.59,
2024-07-28,2024-07-29,XXXX,HIGHWAY TOLL,Gas/Automotive,32.0,
2024-07-27,2024-07-29,XXXX,SUNOCO 0368299401,Gas/Automotive,11.01,
2024-07-27,2024-07-29,XXXX,MANTUA JOINT MUNICIPAL C,Other Services,22.66,
2024-07-26,2024-07-27,XXXX,SOMECLASS,Other Services,739.3,
2024-07-26,2024-07-27,XXXX,EXXON 2711 ORLEANS,Gas/Automotive,13.94,
2024-07-26,2024-07-27,XXXX,TST* THE CHATHAM SQUIRE,Dining,9.2,
2024-07-26,2024-07-27,XXXX,TST* THE CHATHAM SQUIRE,Dining,10.0,
2024-07-25,2024-07-26,XXXX,"1-800-FLOWERS.COM,INC.",Merchandise,,7.59
2024-07-25,2024-07-26,XXXX,OOFOS,Merchandise,33.9,
2024-07-25,2024-07-26,XXXX,SQ *NAUSET VINTAGE,Merchandise,8.5,
2024-07-24,2024-07-25,XXXX,GEICO  *AUTO,Insurance,255.5,
2024-07-24,2024-07-25,XXXX,"1-800-FLOWERS.COM,INC.",Merchandise,25.69,
2024-07-24,2024-07-25,XXXX,THORNE RESEARCH,Health Care,23.68,
2024-07-24,2024-07-25,XXXX,ERTH WELLNESS,Merchandise,29.99,
2024-07-23,2024-07-25,XXXX,TST* HOT CHOCOLATE SPARRO,Merchandise,3.9,
2024-07-23,2024-07-24,XXXX,WALGREENS #19659,Health Care,1.99,
2024-07-20,2024-07-24,XXXX,BEACHCOMBER OF SOMEWHERE,Dining,6.1,
2024-07-20,2024-07-24,XXXX,BEACHCOMBER OF SOMEWHERE,Dining,9.56,
2024-07-22,2024-07-23,XXXX,SQ *ORLEANS CYCLE,Merchandise,,4.25
2024-07-21,2024-07-23,XXXX,TST* HOT CHOCOLATE SPARRO,Merchandise,1.98,
2024-07-21,2024-07-23,XXXX,TST* HOT CHOCOLATE SPARRO,Merchandise,2.13,
2024-07-21,2024-07-22,XXXX,UBER   TRIP,Other Travel,14.2,
2024-07-20,2024-07-22,XXXX,BEACHCOMBER OF SOMEWHERE,Entertainment,21.6,
2024-07-20,2024-07-22,XXXX,SQ *CAPE COD CHOKERS,Merchandise,46.4,
2024-07-19,2024-07-22,XXXX,EXXON 2711 ORLEANS,Gas/Automotive,12.03,
2024-07-17,2024-07-18,XXXX,APPLE.COM/BILL,Entertainment,4.24,
2024-07-16,2024-07-17,XXXX,EXPRESS.COM,Merchandise,,6.71
2024-07-15,2024-07-17,XXXX,TST* HOT CHOCOLATE SPARRO,Merchandise,8.66,
2024-07-16,2024-07-16,XXXX,CREDIT-TRAVEL REWARD,Payment/Credit,,57.41
2024-07-16,2024-07-16,XXXX,MYBANK MOBILE PYMT,Payment/Credit,,200.0
2024-07-15,2024-07-16,XXXX,SQ *ORLEANS CYCLE,Merchandise,4.25,
2024-07-14,2024-07-15,XXXX,ERTH WELLNESS,Merchandise,13.99,
2024-07-14,2024-07-15,XXXX,CIRCLE K # 07519,Gas/Automotive,19.96,
2024-07-13,2024-07-15,XXXX,TST* GLENPHARMER DISTILLE,Dining,13.58,
2024-07-13,2024-07-15,XXXX,DRINKLMNT,Merchandise,46.8,
2024-07-13,2024-07-13,XXXX,INTEREST CHARGE:PURCHASES,Fee/Interest Charge,4.92,
2024-07-11,2024-07-12,XXXX,OPENAI *CHATGPT SUBSCR,Merchandise,8.0,
2024-07-10,2024-07-11,XXXX,EXXON CHESTNUT MARKET HUT,Gas/Automotive,16.16,
2024-07-08,2024-07-10,XXXX,NEX FUEL 050460,Gas/Automotive,17.42,
2024-07-09,2024-07-09,XXXX,MYBANK MOBILE PYMT,Payment/Credit,,1200.0
2024-07-08,2024-07-09,XXXX,THORNE RESEARCH,Health Care,38.08,
2024-07-07,2024-07-08,XXXX,MYBANK AUTOPAY PYMT,Payment/Credit,,24.4
2024-07-07,2024-07-08,XXXX,THE ESCAPE GAME WASHINGTO,Entertainment,26.45,
2024-07-06,2024-07-08,XXXX,SOMEWHERE PARK*METER MULTI,Other Services,0.37,
2024-07-08,2024-07-08,XXXX,THEFARMERSDOG.COM,Merchandise,71.64,
2024-07-07,2024-07-08,XXXX,GOOGLE *YouTubePremium,Entertainment,3.44,
2024-07-07,2024-07-08,XXXX,LYFT   *3 RIDES 07-06,Other Travel,12.0,
2024-07-06,2024-07-08,XXXX,PARKMOBILE,Gas/Automotive,2.02,
2024-07-05,2024-07-06,XXXX,TST* TAKODA SOMEWHERE - A,Dining,7.81,
2024-07-05,2024-07-06,XXXX,TST* TAKODA SOMEWHERE - A,Dining,17.83,
2024-07-05,2024-07-06,XXXX,TST* TAKODA SOMEWHERE - A,Dining,7.83,
2024-07-02,2024-07-03,XXXX,Amazon web services,Other Services,0.17,
2024-07-01,2024-07-02,XXXX,EXPRESS.COM,Merchandise,8.48,
2024-07-01,2024-07-01,XXXX,MYBANK MOBILE PYMT,Payment/Credit,,800.0
2024-07-01,2024-07-01,XXXX,F45 TRAINING SOMEWHERE,Entertainment,92.86,
2024-07-01,2024-07-01,XXXX,LYFT   *1 RIDE 06-29,Other Travel,4.4,
2024-06-29,2024-07-01,XXXX,LPY*HOUSEBAR,Merchandise,42.34,
2024-06-29,2024-07-01,XXXX,EAST POTOMAC GOLF COURSE,Entertainment,8.0,
2024-06-28,2024-06-29,XXXX,EXPRESS.COM,Merchandise,2.38,
2024-06-28,2024-06-29,XXXX,AURA SPA AT THE YARDS,Other Services,68.0,
2024-06-27,2024-06-28,XXXX,EXPRESS.COM,Merchandise,23.57,
2024-06-27,2024-06-28,XXXX,EXPRESS.COM,Merchandise,2.38,
2024-06-27,2024-06-28,XXXX,EXPRESS.COM,Merchandise,2.38,
2024-06-26,2024-06-28,XXXX,SOUTHWES    5262532809723,Airfare,123.57,
2024-06-27,2024-06-27,XXXX,THEFARMERSDOG.COM,Merchandise,71.47,
2024-06-26,2024-06-27,XXXX,SOMECLASS,Other Services,730.73,
2024-06-27,2024-06-27,XXXX,SP CAKES BODY,Merchandise,10.6,
2024-06-26,2024-06-27,XXXX,FH* SEA THE CITY,Entertainment,287.2,
2024-06-26,2024-06-27,XXXX,Unwind SOMEWHERE,Other Services,227.24,
2024-06-25,2024-06-26,XXXX,THORNE RESEARCH,Health Care,39.04,
2024-06-25,2024-06-26,XXXX,LYFT   *1 RIDE 06-24,Other Travel,6.36,
2024-06-24,2024-06-25,XXXX,THORNE RESEARCH,Health Care,57.28,
2024-06-22,2024-06-24,XXXX,FH* SEA THE CITY,Entertainment,321.66,
2024-06-20,2024-06-21,XXXX,TARGET        00014878,Merchandise,2.73,
2024-06-20,2024-06-21,XXXX,PROSKATERSPLACE,Merchandise,15.2,
2024-06-18,2024-06-19,XXXX,EXXON SOUTH RIVER COLO,Gas/Automotive,19.61,
2024-06-16,2024-06-17,XXXX,CVS/PHARMACY #07102,Health Care,12.0,
2024-06-15,2024-06-17,XXXX,THE WINERY AT BULL RUN,Entertainment,48.74,
2024-06-15,2024-06-17,XXXX,APPLE.COM/BILL,Entertainment,4.0,
2024-06-14,2024-06-15,XXXX,UBER   TRIP,Other Travel,5.36,
2024-06-14,2024-06-15,XXXX,LYFT   *1 RIDE 06-13,Other Travel,7.88,
2024-06-15,2024-06-15,XXXX,APPLE.COM/BILL,Entertainment,1.74,
2024-06-14,2024-06-14,XXXX,MYBANK MOBILE PYMT,Payment/Credit,,400.0
2024-06-14,2024-06-14,XXXX,CREDIT-TRAVEL REWARD,Payment/Credit,,72.0
2024-06-13,2024-06-14,XXXX,WILLIAMS-SONOMA.COM,Merchandise,40.35,
2024-06-12,2024-06-13,XXXX,USPS PO 1049870271,Other Services,3.94,
2024-06-12,2024-06-12,XXXX,INTEREST CHARGE:PURCHASES,Fee/Interest Charge,16.45,
2024-06-11,2024-06-12,XXXX,CVS/PHARMACY #07102,Health Care,3.59,
2024-06-12,2024-06-12,XXXX,SOMEWHERE BY FOOT,Entertainment,31.2,
2024-06-11,2024-06-12,XXXX,HIGHWAY TOLL,Gas/Automotive,32.0,
2024-06-11,2024-06-12,XXXX,OPENAI *CHATGPT SUBSCR,Merchandise,8.0,
2024-06-11,2024-06-11,XXXX,THE SOMEWHERE IMPROV COMEDY C,Dining,15.9,
2024-06-09,2024-06-11,XXXX,ROYAL FARMS# 383,Gas/Automotive,4.03,
2024-06-09,2024-06-11,XXXX,ROYAL FARMS# 383,Gas/Automotive,2.61,
2024-06-09,2024-06-10,XXXX,MTA*NYCT PAYGO,Other Travel,1.16,
2024-06-08,2024-06-10,XXXX,MTA*NYCT PAYGO,Other Travel,1.16,
2024-06-09,2024-06-10,XXXX,LUKOIL 57700,Gas/Automotive,15.21,
2024-06-09,2024-06-10,XXXX,SP ALO-YOGA,Merchandise,42.53,
2024-06-08,2024-06-10,XXXX,MTA*NYCT PAYGO,Other Travel,1.16,
2024-06-08,2024-06-10,XXXX,MTA*NYCT PAYGO,Other Travel,1.16,
2024-06-08,2024-06-10,XXXX,THORNE RESEARCH,Health Care,17.92,
2024-06-08,2024-06-10,XXXX,HIGHWAY TOLL,Gas/Automotive,32.0,
2024-06-08,2024-06-10,XXXX,MTA*NYCT PAYGO,Other Travel,1.16,
2024-06-07,2024-06-10,XXXX,MTA*NYCT PAYGO,Other Travel,1.16,
2024-06-07,2024-06-10,XXXX,MTA*NYCT PAYGO,Other Travel,1.16,
2024-06-08,2024-06-08,XXXX,MYBANK MOBILE PYMT,Payment/Credit,,800.0
2024-06-07,2024-06-08,XXXX,GOOGLE *YouTubePremium,Internet,3.44,
2024-06-06,2024-06-08,XXXX,SHELL OIL 91002583699,Gas/Automotive,15.34,
2024-06-07,2024-06-07,XXXX,MYBANK AUTOPAY PYMT,Payment/Credit,,10.4
2024-06-06,2024-06-07,XXXX,SOMEWHERE *GOV'T PAYMENT,Other Services,60.0,
2024-06-06,2024-06-06,XXXX,THEFARMERSDOG.COM,Merchandise,71.47,
2024-06-04,2024-06-05,XXXX,SQ *STITCH SEW SHOP,Merchandise,42.4,
2024-06-04,2024-06-05,XXXX,ROVER.COM* PET SVCS.,Other Services,62.98,
2024-06-03,2024-06-04,XXXX,LYFT   *1 RIDE 06-02,Other Travel,7.59,
2024-06-02,2024-06-03,XXXX,MYBANK MOBILE PYMT,Payment/Credit,,500.0
2024-06-02,2024-06-03,XXXX,LYFT   *1 RIDE 06-01,Other Travel,5.55,
2024-06-02,2024-06-03,XXXX,Amazon web services,Other Services,0.17,
2024-06-01,2024-06-03,XXXX,TM TICKETMASTER,Entertainment,15.16,
2024-06-01,2024-06-03,XXXX,F45 TRAINING SOMEWHERE,Entertainment,92.86,
2024-06-01,2024-06-03,XXXX,"SQ *SOMERSET PRODUCE, LLC",Merchandise,8.8,
2024-05-29,2024-05-30,XXXX,SUN AND SKI SPORTS,Merchandise,17.76,
2024-05-28,2024-05-28,XXXX,MYBANK ONLINE PYMT,Payment/Credit,,200.0
2024-05-27,2024-05-28,XXXX,INDEPENDENCE OF THE SEAS,Other Travel,19.73,
2024-05-27,2024-05-28,XXXX,INDEPENDENCE OF THE SEAS,Other Travel,112.57,
2024-05-26,2024-05-27,XXXX,THORNE RESEARCH,Health Care,23.68,
2024-05-26,2024-05-27,XXXX,"GITHUB, INC.",Internet,40.0,
2024-05-23,2024-05-25,XXXX,FAIRWIND HOTEL,Lodging,13.68,
2024-05-23,2024-05-25,XXXX,SOUTH BEACH LIQUOR,Merchandise,8.84,
2024-05-23,2024-05-24,XXXX,WALGREENS #12463,Health Care,13.98,
2024-05-22,2024-05-22,XXXX,MYBANK MOBILE PYMT,Payment/Credit,,200.0
2024-05-21,2024-05-22,XXXX,SOMEWHERE *GOV'T PAYMENT,Other Services,10.0,
2024-05-21,2024-05-22,XXXX,SQ *STITCH SEW SHOP,Merchandise,30.74,
2024-05-20,2024-05-22,XXXX,WEST STREET MART,Gas/Automotive,15.64,
2024-05-20,2024-05-20,XXXX,LIME*3 RIDES,Entertainment,12.3,
2024-05-19,2024-05-20,XXXX,UBER   TRIP,Other Travel,4.3,
2024-05-19,2024-05-20,XXXX,SI NAT AIR & SPACE MUSEU,Gas/Automotive,6.0,
2024-05-20,2024-05-20,XXXX,LIME*RIDE,Entertainment,6.05,
2024-05-18,2024-05-20,XXXX,UBER   TRIP,Other Travel,3.98,
2024-05-18,2024-05-20,XXXX,TST* WOK AND ROLL KARAOKE,Dining,198.64,
2024-05-18,2024-05-20,XXXX,TST* WOK AND ROLL KARAOKE,Dining,67.6,
2024-05-18,2024-05-20,XXXX,TST* PUTTERY - WASHINGTON,Dining,16.64,
2024-05-19,2024-05-20,XXXX,PARKMOBILE,Gas/Automotive,2.02,
2024-05-18,2024-05-20,XXXX,PARKMOBILE,Gas/Automotive,2.02,
2024-05-18,2024-05-18,XXXX,PARKMOBILE,Gas/Automotive,0.34,
2024-05-17,2024-05-18,XXXX,"Salon Dezen, Inc",Other Services,34.4,
2024-05-17,2024-05-18,XXXX,HARRYS RESERVE,Merchandise,22.92,
2024-05-18,2024-05-18,XXXX,LIME*RIDE,Entertainment,3.88,
2024-05-15,2024-05-17,XXXX,THOMAS P WILLIAMS DDS,Health Care,29.76,
2024-05-14,2024-05-16,XXXX,PUTTERY SOMEWHERE,Entertainment,11.87,
2024-05-15,2024-05-16,XXXX,PARKMOBILE,Gas/Automotive,1.8,
2024-05-16,2024-05-16,XXXX,THEFARMERSDOG.COM,Merchandise,71.47,
2024-05-15,2024-05-16,XXXX,APPLE.COM/BILL,Entertainment,4.0,
2024-05-14,2024-05-15,XXXX,FH* SEA SUITE CRUISES,Entertainment,23.32,
2024-05-12,2024-05-14,XXXX,ROYAL FARMS #421,Gas/Automotive,8.99,
2024-05-12,2024-05-14,XXXX,ROYAL FARMS #421,Gas/Automotive,0.84,
2024-05-13,2024-05-14,XXXX,LYFT   *1 RIDE 05-12,Other Travel,7.1,
2024-05-12,2024-05-13,XXXX,THE NEUROLOGY CENTER,Health Care,12.0,
2024-05-11,2024-05-13,XXXX,SEACRETS,Dining,3.6,
2024-05-11,2024-05-13,XXXX,ROYAL SANDS SOCIAL CLUB,Dining,15.2,
2024-05-11,2024-05-13,XXXX,SP MELIN,Merchandise,,60.3
2024-05-10,2024-05-13,XXXX,SHORE STOP 242,Gas/Automotive,11.17,
2024-05-11,2024-05-13,XXXX,PHOTOBOOTH VEND,Entertainment,2.8,
2024-05-11,2024-05-13,XXXX,CHATGPT SUBSCRIPTION,Merchandise,8.0,
2024-05-09,2024-05-11,XXXX,THOMAS P WILLIAMS DDS,Health Care,30.4,
2024-05-10,2024-05-11,XXXX,TST* CALL YOUR MOTHER - W,Dining,5.28,
2024-05-09,2024-05-11,XXXX,TST* CALL YOUR MOTHER - W,Dining,2.4,
2024-05-08,2024-05-10,XXXX,PUTTERY SOMEWHERE,Entertainment,,11.87
2024-05-08,2024-05-10,XXXX,PUTTERY SOMEWHERE,Entertainment,,11.87
2024-05-08,2024-05-10,XXXX,PUTTERY SOMEWHERE,Entertainment,71.23,
2024-05-08,2024-05-10,XXXX,PUTTERY SOMEWHERE,Entertainment,71.23,
2024-05-08,2024-05-09,XXXX,YOGA VIBEZ LLC,Entertainment,10.0,
2024-05-08,2024-05-09,XXXX,SP VITAL-PLAN,Merchandise,3.74,
2024-05-08,2024-05-09,XXXX,THORNE RESEARCH,Health Care,66.88,
2024-05-07,2024-05-09,XXXX,9427 STATE OF ILLINOIS,Other,1.74,
2024-05-08,2024-05-08,XXXX,MYBANK ONLINE PYMT,Payment/Credit,,600.0
2024-05-07,2024-05-08,XXXX,9425 IDOR TAX PYMNT,Other,77.27,
2024-05-07,2024-05-08,XXXX,GOOGLE *YouTubePremium,Entertainment,3.44,
2024-05-07,2024-05-07,XXXX,MYBANK AUTOPAY PYMT,Payment/Credit,,10.0
2024-05-02,2024-05-07,XXXX,SOMEWHERE PARK*METER MULTI,Other Services,1.39,
2024-05-07,2024-05-07,XXXX,HIMS & HERS HEALTH,Health Care,79.2,
2024-05-06,2024-05-07,XXXX,CARROLL MOTOR FUELS,Merchandise,10.8,
2024-05-05,2024-05-06,XXXX,CVS/PHARMACY #07102,Health Care,1.27,
2024-05-05,2024-05-06,XXXX,CVS/PHARMACY #11231,Health Care,0.98,
2024-05-04,2024-05-06,XXXX,TST* ANY DAY NOW,Dining,12.2,
2024-05-05,2024-05-06,XXXX,APPLE.COM/BILL,Entertainment,2.2,
2024-05-03,2024-05-06,XXXX,LEVY@1WASHINGTONNATIONALS,Dining,2.2,
2024-05-04,2024-05-06,XXXX,CALIDAWN SOAPS SALVES,Other Services,10.6,
2024-05-04,2024-05-06,XXXX,BARBERS AUTO KING ST LIBE,Gas/Automotive,16.81,
2024-05-02,2024-05-04,XXXX,THOMAS P WILLIAMS DDS,Health Care,8.4,
2024-05-02,2024-05-04,XXXX,FH* SEA SUITE CRUISES,Entertainment,,23.32
2024-05-02,2024-05-02,XXXX,Bonobos,Merchandise,259.82,
2024-05-01,2024-05-02,XXXX,POSHMARK,Merchandise,35.18,
2024-05-01,2024-05-01,XXXX,F45 TRAINING SOMEWHERE,Entertainment,92.86,
2024-04-29,2024-04-30,XXXX,SP MELIN,Merchandise,60.3,
2024-04-28,2024-04-30,XXXX,ROYAL SONESTA HOTEL NE,Lodging,44.16,
2024-04-28,2024-04-30,XXXX,NEW ORLEANS TO GO,Merchandise,2.17,
2024-04-28,2024-04-30,XXXX,REVEREND ZOMBIES HOUSE,Merchandise,3.03,
2024-04-29,2024-04-29,XXXX,SEED.COM,Health Care,77.98,
2024-04-28,2024-04-29,XXXX,TST* CAFE NEGRIL,Dining,3.78,
2024-04-25,2024-04-29,XXXX,ROYAL SONESTA HOTEL NE,Dining,15.75,
2024-04-27,2024-04-29,XXXX,KRAZY KORNER,Dining,4.96,
2024-04-27,2024-04-29,XXXX,KRAZY KORNER,Dining,10.86,
2024-04-27,2024-04-29,XXXX,KRAZY KORNER,Dining,6.1,
2024-04-26,2024-04-29,XXXX,TROPICAL ISLE BOURBON,Dining,4.0,
2024-04-27,2024-04-29,XXXX,PAWFECTHOUSE,Merchandise,11.98,
2024-04-26,2024-04-29,XXXX,TROPICAL ISLE ORIGINAL,Dining,5.6,
2024-04-26,2024-04-29,XXXX,TROPICAL ISLE BOURBON,Dining,2.4,
2024-04-27,2024-04-29,XXXX,LAFITTE'S BLACKSMITH,Dining,9.0,
2024-04-27,2024-04-29,XXXX,TST* CAFE NEGRIL,Dining,3.78,
2024-04-26,2024-04-29,XXXX,TST* CAFE NEGRIL,Dining,3.78,
2024-04-26,2024-04-27,XXXX,WALGREENS #5551,Health Care,0.24,
2024-04-26,2024-04-27,XXXX,NOLA POBOYS,Dining,1.2,
2024-04-26,2024-04-27,XXXX,NOLA BLUE BIKES,Other Travel,10.94,
2024-04-26,2024-04-27,XXXX,THORNE RESEARCH,Health Care,39.04,
2024-04-25,2024-04-27,XXXX,BOURBON HEAT,Dining,17.25,
2024-04-26,2024-04-27,XXXX,LAFITTE'S BLACKSMITH,Dining,9.92,
2024-04-26,2024-04-27,XXXX,LAFITTE'S BLACKSMITH,Dining,7.8,
2024-04-26,2024-04-27,XXXX,NOLA BLUE BIKES,Other Travel,10.94,
2024-04-25,2024-04-26,XXXX,SQ *LOUISIANA SWAMP TOUR,Merchandise,1.4,
2024-04-25,2024-04-26,XXXX,LYFT   1 RIDE 04-24,Other Travel,5.12,
2024-04-24,2024-04-25,XXXX,SQ *TWIGA 2ND LOCATION,Merchandise,30.65,
2024-04-24,2024-04-25,XXXX,THE SPOTTED CAT MUSIC CL,Dining,4.41,
2024-04-24,2024-04-25,XXXX,TST* CAFE NEGRIL,Dining,9.92,
2024-04-25,2024-04-25,XXXX,THEFARMERSDOG.COM,Merchandise,71.47,
2024-04-25,2024-04-25,XXXX,LYFT   *1 RIDE 04-23,Other Travel,17.4,
2024-04-24,2024-04-25,XXXX,Pro Stock Hockey,Merchandise,84.0,
2024-04-24,2024-04-24,XXXX,UBER   TRIP,Other Travel,6.22,
2024-04-24,2024-04-24,XXXX,LAFITTE'S BLACKSMITH,Dining,9.12,
2024-04-23,2024-04-24,XXXX,EAR NOSE AND THROAT MEDI,Health Care,37.32,
2024-04-23,2024-04-24,XXXX,VIATORTRIPADVISOR US,Other Travel,72.0,
2024-04-22,2024-04-23,XXXX,SP MELIN,Merchandise,52.66,
2024-04-22,2024-04-23,XXXX,VIATORTRIPADVISOR US,Other Travel,44.0,
2024-04-22,2024-04-22,XXXX,VIATORTRIPADVISOR US,Other Travel,35.2,
2024-04-20,2024-04-20,XXXX,MYBANK MOBILE PYMT,Payment/Credit,,467.18
2024-04-19,2024-04-20,XXXX,OTF CAPITAL 0694,Entertainment,10.6,
2024-04-18,2024-04-19,XXXX,SP LIVE IT UP,Merchandise,54.4,
2024-04-18,2024-04-19,XXXX,THORNE RESEARCH,Health Care,22.4,
2024-04-16,2024-04-17,XXXX,"SP YEW!, INC.",Merchandise,17.8,
2024-04-16,2024-04-16,XXXX,APPLE.COM/BILL,Entertainment,4.0,
2024-04-14,2024-04-15,XXXX,EXXON RHODE ISLAND MART,Gas/Automotive,17.71,
2024-04-15,2024-04-15,XXXX,DERRICKCREATIVE.COM,Other Services,30.0,
2024-04-15,2024-04-15,XXXX,FH* THE NEW ORLEANS SC,Entertainment,126.35,
2024-04-13,2024-04-15,XXXX,SOMEWHERE PARK*METER MULTI,Other Services,1.84,
2024-04-14,2024-04-15,XXXX,PARKMOBILE,Gas/Automotive,2.02,
2024-04-13,2024-04-15,XXXX,TST* STFU,Dining,17.68,
2024-04-13,2024-04-13,XXXX,MYBANK MOBILE PYMT,Payment/Credit,,747.61
2024-04-11,2024-04-13,XXXX,REDDZ TRADING,Merchandise,5.94,
2024-04-12,2024-04-13,XXXX,DISTRICTVETNAVYYARD.CO,Professional Services,172.09,
2024-04-12,2024-04-13,XXXX,DISTRICTVETNAVYYARD.CO,Professional Services,100.0,
2024-04-11,2024-04-12,XXXX,MADEWELL #243,Merchandise,,113.05
2024-04-11,2024-04-12,XXXX,CHATGPT SUBSCRIPTION,Merchandise,8.0,
2024-04-10,2024-04-11,XXXX,"ETSY, INC.",Merchandise,32.62,
2024-04-09,2024-04-10,XXXX,FH* SEA SUITE CRUISES,Entertainment,116.6,
2024-04-09,2024-04-10,XXXX,IHERB IHERB.COM ZLihd,Merchandise,9.12,
2024-04-07,2024-04-08,XXXX,GOOGLE *YouTubePremium,Entertainment,3.44,
2024-04-06,2024-04-08,XXXX,CVS/PHARMACY #11231,Health Care,0.98,
2024-04-03,2024-04-05,XXXX,UNITED      0162345489953,Airfare,,65.12
2024-04-03,2024-04-05,XXXX,UNITED      0162345489952,Airfare,,65.12
2024-04-04,2024-04-04,XXXX,THEFARMERSDOG.COM,Merchandise,71.47,
2024-04-02,2024-04-03,XXXX,APPLE.COM/BILL,Entertainment,0.44,
2024-04-02,2024-04-02,XXXX,CREDIT-TRAVEL REWARD,Payment/Credit,,217.46
2024-04-02,2024-04-02,XXXX,MYBANK MOBILE PYMT,Payment/Credit,,600.0
2024-04-02,2024-04-02,XXXX,MYBANK MOBILE PYMT,Payment/Credit,,800.0
2024-04-01,2024-04-01,XXXX,F45 TRAINING SOMEWHERE,Entertainment,92.86,
2024-03-31,2024-04-01,XXXX,EXXON H & P AUTOMOTIVE IN,Gas/Automotive,17.42,
2024-03-31,2024-04-01,XXXX,CVS/PHARMACY #07102,Health Care,23.5,
2024-03-31,2024-04-01,XXXX,LYFT   1 RIDE 03-30,Other Travel,3.35,
2024-03-30,2024-04-01,XXXX,CANTINA BAMBINA,Dining,7.4,
2024-03-29,2024-04-01,XXXX,SOUTHWES    5262274493711,Airfare,141.98,
2024-03-29,2024-04-01,XXXX,SP SKYLIGHTFRAME,Professional Services,,36.0
2024-03-30,2024-03-30,XXXX,COTFLT,Other Travel,393.76,
2024-03-27,2024-03-28,XXXX,Azazie,Merchandise,54.27,
2024-03-27,2024-03-28,XXXX,THORNE RESEARCH,Health Care,96.84,
2024-03-26,2024-03-27,XXXX,MADEWELL.COM,Merchandise,156.93,
2024-03-26,2024-03-27,XXXX,MADEWELL.COM,Merchandise,40.7,
2024-03-25,2024-03-27,XXXX,MEDSTAR CAPITALS ICEPLEX,Entertainment,188.0,
2024-03-26,2024-03-27,XXXX,ROVER.COM* PET SVCS.,Other Services,107.19,
2024-03-25,2024-03-26,XXXX,FH* SEA SUITE CRUISES,Entertainment,198.02,
2024-03-25,2024-03-26,XXXX,COTHTL,Other Travel,,680.89
2024-03-25,2024-03-26,XXXX,COTHTL,Other Travel,731.06,
2024-03-25,2024-03-25,XXXX,CREDIT-TRAVEL REWARD,Payment/Credit,,227.28
2024-03-25,2024-03-25,XXXX,MYBANK MOBILE PYMT,Payment/Credit,,800.0
2024-03-24,2024-03-25,XXXX,TST* THROW SOCIAL SOMEWHERE LLC,Dining,35.88,
2024-03-24,2024-03-25,XXXX,TST* THROW SOCIAL SOMEWHERE LLC,Dining,29.04,
2024-03-24,2024-03-25,XXXX,COTHTL,Other Travel,,451.5
2024-03-22,2024-03-23,XXXX,COTHTL,Other Travel,451.5,
2024-03-22,2024-03-22,XXXX,COTHTL,Other Travel,680.89,
2024-03-22,2024-03-22,XXXX,COTFLT,Other Travel,56.88,
2024-03-22,2024-03-22,XXXX,COTFLT,Other Travel,227.28,
2024-03-22,2024-03-22,XXXX,SP SKYLIGHTFRAME,Professional Services,36.0,
2024-03-21,2024-03-21,XXXX,CREDIT-TRAVEL REWARD,Payment/Credit,,70.0
2024-03-19,2024-03-20,XXXX,CVS/PHARMACY #07102,Health Care,12.0,
2024-03-19,2024-03-20,XXXX,THE NEUROLOGY CENTER,Health Care,12.0,
2024-03-19,2024-03-20,XXXX,LYFT   1 RIDE 03-18,Other Travel,4.76,
2024-03-19,2024-03-20,XXXX,EAR NOSE AND THROAT MEDI,Health Care,12.0,
2024-03-18,2024-03-19,XXXX,AT *SPYMUSEUM,Other Services,24.5,
2024-03-18,2024-03-19,XXXX,LYFT   RIDE SUN 1AM,Other Travel,5.59,
2024-03-17,2024-03-18,XXXX,TST* NEVER LOOKED BETTER,Dining,8.64,
2024-03-17,2024-03-18,XXXX,PARKMOBILE,Gas/Automotive,0.53,
2024-03-15,2024-03-18,XXXX,STORE AIR SHOP 30,Merchandise,3.1,
2024-03-16,2024-03-18,XXXX,COZYMEAL.COM,Professional Services,,75.19
2024-03-15,2024-03-16,XXXX,LCSBI LOS CINCO SOLES,Merchandise,4.81,
2024-03-16,2024-03-16,XXXX,AIRBNB  TAYN4WFY,Other Travel,70.0,
2024-03-16,2024-03-16,XXXX,COZYMEAL.COM,Professional Services,75.19,
2024-03-15,2024-03-16,XXXX,APPLE.COM/BILL,Entertainment,4.0,
2024-03-13,2024-03-15,XXXX,F AHORRO CNZH ZAZIL,Health Care,1.88,
2024-03-13,2024-03-15,XXXX,F AHORRO CNZH ZAZIL,Health Care,16.68,
2024-03-12,2024-03-14,XXXX,ISLA MUJERES,Entertainment,40.91,
2024-03-12,2024-03-14,XXXX,ISLA MUJERES,Entertainment,11.56,
2024-03-12,2024-03-14,XXXX,GARRAFON ISLA MUJERES,Entertainment,16.0,
2024-03-11,2024-03-13,XXXX,RECEP FA COND CANCUN,Lodging,60.42,
2024-03-11,2024-03-12,XXXX,OFFICIAL TICK DLLS,Other Travel,100.44,
2024-03-10,2024-03-12,XXXX,RECEP FA COND CANCUN,Lodging,9.98,
2024-03-11,2024-03-12,XXXX,Bonobos,Merchandise,33.58,
2024-03-11,2024-03-12,XXXX,CHATGPT SUBSCRIPTION,Merchandise,8.0,
2024-03-10,2024-03-11,XXXX,MYBANK MOBILE PYMT,Payment/Credit,,983.19
2024-03-10,2024-03-11,XXXX,LYFT   RIDE SUN 1AM,Other Travel,11.32,
2024-03-09,2024-03-11,XXXX,CVS/PHARMACY #07102,Health Care,9.75,
2024-03-08,2024-03-11,XXXX,Bonobos,Merchandise,268.3,
2024-03-09,2024-03-11,XXXX,UBER   TRIP,Other Travel,4.8,
2024-03-08,2024-03-09,XXXX,MADEWELL #243,Merchandise,32.08,
2024-03-09,2024-03-09,XXXX,PARKMOBILE,Gas/Automotive,1.56,
2024-03-09,2024-03-09,XXXX,PARKMOBILE,Gas/Automotive,2.02,
2024-03-07,2024-03-08,XXXX,INTUIT *TURBOTAX,Merchandise,100.49,
2024-03-07,2024-03-08,XXXX,GOOGLE *YouTubePremium,Entertainment,3.44,
2024-03-06,2024-03-08,XXXX,SP SPARX HOCKEY,Merchandise,,29.99
2024-03-07,2024-03-08,XXXX,THEFARMERSDOG.COM,Merchandise,71.47,
2024-03-07,2024-03-07,XXXX,MYBANK AUTOPAY PYMT,Payment/Credit,,10.0
2024-03-07,2024-03-07,XXXX,TST* GREGORY'S COFFEE - G,Dining,3.15,
2024-03-05,2024-03-07,XXXX,PURE HOCKEY,Merchandise,466.4,
2024-03-06,2024-03-06,XXXX,MYBANK ONLINE PYMT,Payment/Credit,,299.38
2024-03-04,2024-03-06,XXXX,CHEAPCARIBBEAN.COM TS,Other Travel,19.2,
2024-03-05,2024-03-06,XXXX,SP SPARX HOCKEY,Merchandise,37.99,
2024-03-05,2024-03-06,XXXX,SP SPARX HOCKEY,Merchandise,29.99,
2024-03-05,2024-03-06,XXXX,Stitch Sew Shop,Merchandise,240.0,
2024-03-04,2024-03-06,XXXX,SHELL OIL 10008556002,Gas/Automotive,15.4,
2024-03-03,2024-03-04,XXXX,UBER   TRIP,Other Travel,5.14,
2024-03-01,2024-03-04,XXXX,BOARDWALK BAR AND ARCADE,Entertainment,2.0,
2024-03-03,2024-03-04,XXXX,LYFT   RIDE FRI 11PM,Other Travel,4.47,
2024-03-02,2024-03-04,XXXX,HARRYS RESERVE,Merchandise,53.41,
2024-03-02,2024-03-02,XXXX,LYFT   RIDE FRI 5PM,Other Travel,2.97,
2024-03-01,2024-03-01,XXXX,PARKMOBILE,Gas/Automotive,1.54,
2024-03-01,2024-03-01,XXXX,F45 TRAINING SOMEWHERE,Entertainment,71.66,
2024-02-29,2024-03-01,XXXX,SP SCHWARTZ VON HALEN,Merchandise,,30.0
2024-02-24,2024-02-26,XXXX,UBER   TRIP,Other Travel,6.28,
2024-02-24,2024-02-26,XXXX,UBER   TRIP,Other Travel,2.68,
2024-02-23,2024-02-23,XXXX,MYBANK ONLINE PYMT,Payment/Credit,,400.0
2024-02-22,2024-02-23,XXXX,THEFARMERSDOG.COM,Merchandise,71.47,
2024-02-20,2024-02-21,XXXX,THE NEUROLOGY CENTER,Health Care,12.0,
2024-02-20,2024-02-20,XXXX,EB ICE YARDS 2024,Other Services,14.28,
2024-02-19,2024-02-20,XXXX,HOWLL TO THE CHIEF,Merchandise,10.51,
2024-02-19,2024-02-20,XXXX,LUMINSKIN,Merchandise,11.02,
2024-02-19,2024-02-20,XXXX,SP TIEGE HANLEY,Merchandise,7.08,
2024-02-18,2024-02-19,XXXX,UBER   TRIP,Other Travel,3.38,
2024-02-16,2024-02-17,XXXX,Dr Martens Airwair USA LL,Merchandise,,62.07
2024-02-16,2024-02-17,XXXX,USPS PO 1049870271,Other Services,11.98,
2024-02-15,2024-02-16,XXXX,APPLE.COM/BILL,Entertainment,4.0,
2024-02-15,2024-02-15,XXXX,Dr Martens Airwair USA LL,Merchandise,,62.07
2024-02-13,2024-02-14,XXXX,SP SCHWARTZ VON HALEN,Merchandise,30.0,
2024-02-11,2024-02-12,XXXX,HARRYS RESERVE,Merchandise,31.32,
2024-02-11,2024-02-12,XXXX,CHATGPT SUBSCRIPTION,Merchandise,8.0,
2024-02-09,2024-02-10,XXXX,SUNOCO 0820370501,Gas/Automotive,14.89,
2024-02-07,2024-02-08,XXXX,COLONIAL PARKING #882,Gas/Automotive,9.2,
2024-02-07,2024-02-08,XXXX,GOOGLE *YouTubePremium,Entertainment,3.44,
2024-02-06,2024-02-07,XXXX,SP JOANNS FUDGE,Merchandise,13.42,
2024-02-04,2024-02-06,XXXX,TST* THE ROOST - SHELTER,Dining,3.3,
2024-02-04,2024-02-06,XXXX,TST* THE ROOST - SHELTER,Dining,4.4,
2024-02-05,2024-02-05,XXXX,MYBANK MOBILE PYMT,Payment/Credit,,400.0
2024-02-04,2024-02-05,XXXX,KETTLER CAPITALS ICEPLEX,Entertainment,4.0,
2024-02-03,2024-02-05,XXXX,EXXON H & P AUTOMOTIVE IN,Gas/Automotive,15.92,
2024-02-03,2024-02-05,XXXX,PUREHOCKEY171ROCKVILLE,Merchandise,1.1,
2024-02-03,2024-02-05,XXXX,TST* SWINGERS SOMEWHERE - CRAZY,Dining,16.64,
2024-02-02,2024-02-05,XXXX,TST* FRANKLIN HALL SOMEWHERE,Dining,11.96,
2024-02-02,2024-02-03,XXXX,SP VITAL-PLAN,Merchandise,6.38,
2024-02-02,2024-02-03,XXXX,Dr Martens Airwair USA LL,Merchandise,129.74,
2024-02-02,2024-02-02,XXXX,SPOTHERO 844-356-8054,Gas/Automotive,5.91,
2024-02-02,2024-02-02,XXXX,SWINGERS CRAZY GOLF,Dining,20.35,
2024-02-02,2024-02-02,XXXX,SWINGERS CRAZY GOLF,Dining,40.7,
2024-02-01,2024-02-02,XXXX,"SP ROKA SPORTS, INC.",Health Care,136.8,
2023-11-28,2024-02-01,XXXX,PURCHASE ADJUSTMENT,Merchandise,,16.54
2024-01-31,2024-02-01,XXXX,THE NEUROLOGY CENTER,Health Care,12.0,
2024-01-31,2024-02-01,XXXX,Dr Martens Airwair USA LL,Merchandise,64.87,
2024-02-01,2024-02-01,XXXX,Dyson Direct Inc,Merchandise,29.68,
2024-01-30,2024-02-01,XXXX,MYEYEDR 121144 SOMEWHERE-NAVYYD,Health Care,380.8,
2024-01-30,2024-02-01,XXXX,MYEYEDR 121144 SOMEWHERE-NAVYYD,Health Care,28.0,
2024-01-30,2024-01-31,XXXX,VENUS.COM,Merchandise,,58.19
2024-01-30,2024-01-30,XXXX,MYBANK ONLINE PYMT,Payment/Credit,,321.0
2024-01-29,2024-01-30,XXXX,LIME*3 RIDES,Entertainment,7.08,
2024-01-29,2024-01-30,XXXX,LIME*RIDE COST,Entertainment,2.49,
2024-01-28,2024-01-29,XXXX,MAX PARKING,Gas/Automotive,9.2,
2024-01-26,2024-01-27,XXXX,OPENAI,Merchandise,4.24,
2024-01-26,2024-01-26,XXXX,THE SOMEWHERE IMPROV COMEDY C,Dining,22.47,
2024-01-25,2024-01-26,XXXX,THEFARMERSDOG.COM,Merchandise,71.47,
2024-01-24,2024-01-25,XXXX,GEICO  *AUTO,Insurance,213.61,
2024-01-24,2024-01-24,XXXX,MYBANK MOBILE PYMT,Payment/Credit,,344.37
2024-01-22,2024-01-23,XXXX,VENUS.COM,Merchandise,87.58,
2024-01-21,2024-01-22,XXXX,LAZ PARKING 770709,Gas/Automotive,7.6,
2024-01-21,2024-01-22,XXXX,SP SPARX HOCKEY,Merchandise,57.99,
2024-01-20,2024-01-22,XXXX,SP SCHWARTZ VON HALEN,Merchandise,30.0,
2024-01-19,2024-01-20,XXXX,JOHNS HOPKINS MY CHART,Health Care,117.0,
2024-01-17,2024-01-19,XXXX,BP#9313008FOUR MILE RUN,Gas/Automotive,13.48,
2024-01-18,2024-01-19,XXXX,SOMEWHERE GOV'T PAYMENT,Other Services,18.8,
2024-01-18,2024-01-18,XXXX,MYBANK MOBILE PYMT,Payment/Credit,,84.66
2024-01-17,2024-01-18,XXXX,CVS/PHARMACY #07102,Health Care,1.4,
2024-01-17,2024-01-18,XXXX,"carters, Inc.",Merchandise,10.52,
2024-01-15,2024-01-16,XXXX,APPLE.COM/BILL,Entertainment,4.0,
2024-01-14,2024-01-15,XXXX,WALGREENS #15360,Health Care,8.89,
2024-01-14,2024-01-15,XXXX,WALGREENS #15360,Health Care,3.39,
2024-01-14,2024-01-15,XXXX,CBD KRATOM,Merchandise,88.8,
2024-01-14,2024-01-15,XXXX,WALGREENS #15360,Health Care,3.88,
2024-01-13,2024-01-15,XXXX,DIVADANCE WASHINGTON SOMEWHERE,Entertainment,11.6,
2024-01-14,2024-01-15,XXXX,APPLE.COM/US,Merchandise,,46.0
2024-01-13,2024-01-15,XXXX,WALMART.COM,Merchandise,,508.38
2024-01-11,2024-01-12,XXXX,CHATGPT SUBSCRIPTION,Merchandise,8.0,
2024-01-10,2024-01-11,XXXX,ACTIVATED YOU,Merchandise,21.58,
2024-01-10,2024-01-10,XXXX,MYBANK ONLINE PYMT,Payment/Credit,,520.0
2024-01-08,2024-01-09,XXXX,F45 TRAINING SOMEWHERE,Entertainment,2.97,
2024-01-07,2024-01-08,XXXX,MYBANK AUTOPAY PYMT,Payment/Credit,,10.0
2024-01-07,2024-01-08,XXXX,GOOGLE *YouTubePremium,Internet,3.44,
2024-01-07,2024-01-08,XXXX,UBER   TRIP,Other Travel,1.8,
2024-01-04,2024-01-05,XXXX,TST* PUTTERY - WASHINGTON,Dining,12.72,
2024-01-05,2024-01-05,XXXX,APPLE.COM/US,Merchandise,338.78,
2024-01-04,2024-01-05,XXXX,SP NOMAD GOODS,Merchandise,114.48,
2024-01-04,2024-01-05,XXXX,THEFARMERSDOG.COM,Merchandise,71.47,
2024-01-04,2024-01-04,XXXX,PARKMOBILE,Gas/Automotive,1.92,
2024-01-03,2024-01-04,XXXX,SP BABYLIST,Health Care,95.84,
2024-01-02,2024-01-02,XXXX,MYBANK ONLINE PYMT,Payment/Credit,,845.64
2024-01-01,2024-01-02,XXXX,ATHLETA US 9738,Merchandise,5.93,
2024-01-01,2024-01-02,XXXX,UBER   TRIP,Other Travel,3.97,
2023-12-30,2024-01-02,XXXX,VIP NIGHTLIFE,Entertainment,274.07,
2023-12-30,2024-01-02,XXXX,FOXTROT,Dining,1.59,
2023-12-30,2024-01-02,XXXX,HARRYS RESERVE,Merchandise,89.93,
2023-12-27,2023-12-28,XXXX,PAYPAL *FUJIANYAPQ4,Merchandise,,4.2
2023-12-26,2023-12-27,XXXX,VOLO* SPORTS LEAGUES,Internet,22.47,
2023-12-26,2023-12-27,XXXX,VOLO* SPORTS LEAGUES,Internet,22.47,
2023-12-25,2023-12-26,XXXX,WALMART.COM,Merchandise,508.38,
2023-12-23,2023-12-26,XXXX,HUDSON NEWS  ST1303,Merchandise,1.05,
2023-12-22,2023-12-23,XXXX,JOHNS HOPKINS MY CHART,Health Care,61.82,
2023-12-23,2023-12-23,XXXX,ROVER.COM* PET SVCS.,Other Services,93.8,
2023-12-21,2023-12-23,XXXX,SHELL OIL 10014969009,Gas/Automotive,15.78,
2023-12-21,2023-12-22,XXXX,SP ANNAPOLIS CRYSTALS,Merchandise,9.54,
2023-12-20,2023-12-21,XXXX,FOXTROT,Dining,3.2,
2023-12-20,2023-12-21,XXXX,FOXTROT,Dining,1.3,
2023-12-20,2023-12-20,XXXX,"ETSY, INC.",Merchandise,,2.95
2023-12-18,2023-12-19,XXXX,PUREHOCKEY.COM,Merchandise,,84.8
2023-12-17,2023-12-19,XXXX,92933 - GEORGETOWN PARK,Gas/Automotive,9.18,
2023-12-18,2023-12-19,XXXX,HARRISTEETER #383,Merchandise,44.97,
2023-12-18,2023-12-19,XXXX,HIMS & HERS HEALTH,Health Care,79.2,
2023-12-18,2023-12-18,XXXX,MYBANK ONLINE PYMT,Payment/Credit,,182.94
2023-12-17,2023-12-18,XXXX,"ETSY, INC.",Merchandise,64.44,
2023-12-15,2023-12-16,XXXX,APPLE.COM/BILL,Merchandise,4.0,
2023-12-14,2023-12-15,XXXX,THEFARMERSDOG.COM,Merchandise,71.47,
2023-12-14,2023-12-14,XXXX,ENCHANT CHRISTMAS,Entertainment,40.56,
2023-12-12,2023-12-13,XXXX,USPS CHANGE OF ADDRESS,Other Services,0.44,
2023-12-12,2023-12-13,XXXX,USPS CHANGE OF ADDRESS,Other Services,0.44,
2023-12-11,2023-12-12,XXXX,USPS CHANGE OF ADDRESS,Other Services,0.44,
2023-12-11,2023-12-12,XXXX,CHATGPT SUBSCRIPTION,Merchandise,8.0,
2023-12-11,2023-12-11,XXXX,MYBANK ENTRTNMT,Entertainment,30.96,
2023-12-09,2023-12-11,XXXX,SQ *HOUSEBAR SOMEWHERE,Merchandise,11.28,
2023-12-09,2023-12-11,XXXX,HARRYS RESERVE,Merchandise,11.92,
2023-12-09,2023-12-09,XXXX,MYBANK MOBILE PYMT,Payment/Credit,,54.13
2023-12-08,2023-12-09,XXXX,GOOGLE *YouTubePremium,Entertainment,3.44,
2023-12-06,2023-12-07,XXXX,FRAGERS,Merchandise,14.04,
2023-12-03,2023-12-04,XXXX,MYBANK MOBILE PYMT,Payment/Credit,,2061.64
2023-12-04,2023-12-04,XXXX,"ETSY, INC.",Merchandise,28.89,
2023-12-02,2023-12-04,XXXX,SP HEURICH HOUSE MUS,Merchandise,11.2,
2023-12-01,2023-12-02,XXXX,PUREHOCKEY.COM,Merchandise,175.43,
2023-12-01,2023-12-02,XXXX,YSI*The Maren,Other Services,1666.65,
2023-12-01,2023-12-01,XXXX,MYBANK ONLINE PYMT,Payment/Credit,,1157.83
2023-11-30,2023-12-01,XXXX,SP GREATS BRAND,Merchandise,59.06,
2023-11-29,2023-12-01,XXXX,PAYPAL *FUJIANYAPQ4,Merchandise,20.58,
2023-12-01,2023-12-01,XXXX,Dyson Direct Inc,Merchandise,139.92,
2023-11-29,2023-11-30,XXXX,CHEAPCARIBBEAN.COM TS,Other Travel,990.27,
2023-11-29,2023-11-30,XXXX,UNITED      0162345489953,Airfare,65.12,
2023-11-29,2023-11-30,XXXX,UNITED      0162345489952,Airfare,65.12,
2023-11-29,2023-11-29,XXXX,MYBANK ONLINE PYMT,Payment/Credit,,402.16
2023-11-28,2023-11-29,XXXX,LULULEMONCOM*,Merchandise,37.31,
2023-11-27,2023-11-28,XXXX,LULULEMONCOM*,Merchandise,16.54,
2023-11-27,2023-11-27,XXXX,SP TEXTALE,Merchandise,17.06,
2023-11-26,2023-11-27,XXXX,PILOT_00253,Gas/Automotive,13.4,
2023-11-26,2023-11-27,XXXX,ADORE ME INC,Merchandise,23.3,
2023-11-25,2023-11-27,XXXX,WWW.CLICKANDGROW.COM,Merchandise,31.86,
2023-11-25,2023-11-27,XXXX,SP ENSO SUPERFOODS,Merchandise,51.2,
2023-11-25,2023-11-27,XXXX,THE WHITE COMPANY,Merchandise,72.82,
2023-11-25,2023-11-27,XXXX,NOURIA STORE 1175,Gas/Automotive,6.06,
2023-11-25,2023-11-27,XXXX,HIGHWAY TOLL,Gas/Automotive,28.0,
2023-11-25,2023-11-25,XXXX,MYBANK MOBILE PYMT,Payment/Credit,,329.86
2023-11-25,2023-11-25,XXXX,SP WE ARE HAH,Merchandise,99.52,
2023-11-24,2023-11-25,XXXX,HIGHWAY TOLL,Gas/Automotive,4.0,
2023-11-24,2023-11-25,XXXX,SQ *CHOPSTICK ART - BOSTO,Merchandise,21.25,
2023-11-24,2023-11-25,XXXX,Delonghi,Merchandise,17.16,
2023-11-23,2023-11-24,XXXX,HIGHWAY TOLL,Gas/Automotive,4.0,
2023-11-22,2023-11-24,XXXX,EXXON MERRITT PKWY FAIRFI,Gas/Automotive,16.23,
2023-11-22,2023-11-24,XXXX,BGT TOLL 1808378372,Merchandise,8.0,
2023-11-22,2023-11-24,XXXX,EXXON MERRITT PKWY FAIRFI,Gas/Automotive,33.46,
2023-11-22,2023-11-24,XXXX,CUMBERLAND FARMS 6737,Gas/Automotive,10.34,
2023-11-22,2023-11-24,XXXX,DUNKIN #349424,Dining,6.35,
2023-11-21,2023-11-24,XXXX,U-HAUL MOVING & STORAGE A,Car Rental,241.22,
2023-11-21,2023-11-22,XXXX,BP#2026771DISTAD'S BP,Gas/Automotive,17.1,
2023-11-21,2023-11-22,XXXX,SP REST BEDDING,Merchandise,61.66,
2023-11-21,2023-11-22,XXXX,WF WAYFAIR3894430093,Merchandise,,76.32
2023-11-20,2023-11-21,XXXX,MCDONALD'S F20663,Dining,3.11,
2023-11-20,2023-11-20,XXXX,MYBANK MOBILE PYMT,Payment/Credit,,1033.97
2023-11-19,2023-11-20,XXXX,UBER   TRIP,Other Travel,4.71,
2023-11-16,2023-11-17,XXXX,WF WAYFAIR3995239593,Merchandise,81.83,
2023-11-16,2023-11-16,XXXX,APPLE.COM/BILL,Entertainment,4.0,
2023-11-14,2023-11-16,XXXX,SUNOCO 0352480801,Gas/Automotive,3.8,
2023-11-14,2023-11-16,XXXX,U-HAUL MOVING & STORAGE A,Car Rental,28.24,
2023-11-15,2023-11-15,XXXX,WF WAYFAIR3894430093,Merchandise,76.32,
2023-11-14,2023-11-15,XXXX,HIGHWAY TOLL,Gas/Automotive,4.0,
2023-11-13,2023-11-14,XXXX,SQ *MOBILE APP BALANCE (A,Dining,10.0,
2023-11-13,2023-11-14,XXXX,GOV*NJ Turnpike Authority,Gas/Automotive,17.62,
2023-11-13,2023-11-14,XXXX,HIGHWAY TOLL,Gas/Automotive,4.0,
2023-11-13,2023-11-14,XXXX,USPS CHANGE OF ADDRESS,Other Services,0.44,
2023-11-13,2023-11-14,XXXX,MYOLLIE.COM,Merchandise,42.71,
2023-11-13,2023-11-14,XXXX,WWW.CLICKANDGROW.COM,Merchandise,10.15,
2023-11-13,2023-11-14,XXXX,PARKINGCOM,Gas/Automotive,0.54,
2023-11-12,2023-11-13,XXXX,MYBANK MOBILE PYMT,Payment/Credit,,35.03
2023-11-11,2023-11-13,XXXX,SUNOCO 0368295201,Gas/Automotive,8.31,
2023-11-12,2023-11-13,XXXX,SHELL 12873141019,Gas/Automotive,27.05,
2023-11-12,2023-11-13,XXXX,HIGHWAY TOLL,Gas/Automotive,4.0,
2023-11-11,2023-11-13,XXXX,SUNOCO 0368295201,Gas/Automotive,26.56,
2023-11-11,2023-11-13,XXXX,FURNITURE 4 A LOT LESS,Merchandise,509.06,
2023-11-10,2023-11-13,XXXX,BUDGET1808378372915,Car Rental,167.36,
2023-11-11,2023-11-13,XXXX,CHATGPT SUBSCRIPTION,Merchandise,8.0,
2023-11-08,2023-11-10,XXXX,NOURIA STORE 1010,Gas/Automotive,1.74,
2023-11-09,2023-11-10,XXXX,WWW.CLICKANDGROW.COM,Merchandise,5.09,
2023-11-08,2023-11-10,XXXX,APEX ENTERTAINMENT,Entertainment,26.0,
2023-11-09,2023-11-09,XXXX,MYBANK ONLINE PYMT,Payment/Credit,,127.33
2023-11-08,2023-11-09,XXXX,NAYAX VENDING 14,Dining,2.2,
2023-11-07,2023-11-08,XXXX,CTYCHGO*SERVICEFEES,Other Services,0.4,
2023-11-07,2023-11-08,XXXX,CITY CHICAGO TICKET WEB,Other Services,20.0,
2023-11-07,2023-11-08,XXXX,NOURIA STORE 1010,Gas/Automotive,3.63,
2023-11-06,2023-11-08,XXXX,NOURIA STORE 1010,Gas/Automotive,1.74,
2023-11-04,2023-11-06,XXXX,KOHL'S #1283,Merchandise,,34.42
2023-11-04,2023-11-06,XXXX,WALGREENS #17166,Health Care,30.47,
2023-11-04,2023-11-06,XXXX,EXXON BERLIN ENERGY NORTH,Gas/Automotive,17.1,
2023-11-04,2023-11-06,XXXX,KOHL'S #1283,Merchandise,4.92,
2023-11-03,2023-11-04,XXXX,HIGHWAY TOLL,Gas/Automotive,4.0,
2023-11-03,2023-11-04,XXXX,CBI*PARALLELS,Merchandise,,25.5
2023-11-02,2023-11-03,XXXX,LEMONADE INSURANCE,Insurance,24.0,
2023-11-02,2023-11-03,XXXX,THEFARMERSDOG.COM,Merchandise,71.64,
2023-11-01,2023-11-02,XXXX,THEFARMERSDOG.COM,Merchandise,,22.79
2023-11-01,2023-11-02,XXXX,THEFARMERSDOG.COM,Merchandise,22.79,
2023-11-01,2023-11-01,XXXX,MYBANK ONLINE PYMT,Payment/Credit,,323.27
2023-10-31,2023-11-01,XXXX,NOURIA STORE 1010,Gas/Automotive,5.35,
2023-10-31,2023-11-01,XXXX,HIGHWAY TOLL,Gas/Automotive,4.0,
2023-10-29,2023-10-31,XXXX,BERLIN ORCHARDS,Merchandise,8.56,
2023-10-29,2023-10-30,XXXX,SPIRIT HALLOWEEN 61375,Merchandise,5.2,
2023-10-28,2023-10-30,XXXX,HIGHWAY TOLL,Gas/Automotive,4.0,
2023-10-27,2023-10-28,XXXX,HIGHWAY TOLL,Gas/Automotive,4.0,
2023-10-27,2023-10-28,XXXX,HIGHWAY TOLL,Gas/Automotive,4.0,
2023-10-26,2023-10-28,XXXX,HIGHWAY TOLL,Gas/Automotive,4.0,
2023-10-27,2023-10-28,XXXX,HIGHWAY TOLL,Gas/Automotive,4.0,
2023-10-26,2023-10-27,XXXX,GULF OIL 92038859,Gas/Automotive,18.1,
2023-10-26,2023-10-27,XXXX,UDEMY: ONLINE COURSES,Other,6.0,
2023-10-26,2023-10-27,XXXX,MORAVIA CMF,Gas/Automotive,15.17,
2023-10-26,2023-10-27,XXXX,HIGHWAY TOLL,Gas/Automotive,4.0,
2023-10-26,2023-10-27,XXXX,CBI*PARALLELS,Merchandise,25.5,
2023-10-26,2023-10-26,XXXX,MYBANK MOBILE PYMT,Payment/Credit,,675.94
2023-10-25,2023-10-26,XXXX,SMARTRIP WASHINGTON SOMEWHERE,Other Travel,40.0,
2023-10-26,2023-10-26,XXXX,COTHTL,Other Travel,43.82,
2023-10-24,2023-10-26,XXXX,CONTE`S BIKE SHOP NAVY YA,Merchandise,12.93,
2023-10-25,2023-10-26,XXXX,YSI*The Maren,Other Services,20.0,
2023-10-25,2023-10-26,XXXX,YSI*The Maren,Other Services,100.0,
2023-10-25,2023-10-26,XXXX,HIGHWAY TOLL,Gas/Automotive,4.0,
2023-10-24,2023-10-24,XXXX,PARKMOBILE-10,Gas/Automotive,0.96,
2023-10-22,2023-10-23,XXXX,US FUEL,Gas/Automotive,14.69,
2023-10-22,2023-10-23,XXXX,YSI*OnlinePropertyPayment,Other Services,280.0,
2023-10-21,2023-10-23,XXXX,VA ABC STORE 267,Other Services,34.56,
2023-10-19,2023-10-20,XXXX,HIGHWAY TOLL,Gas/Automotive,4.0,
2023-10-18,2023-10-19,XXXX,ZG * RENTAPPLICATION,Other Services,14.0,
2023-10-17,2023-10-18,XXXX,SMARTRIP WASHINGTON SOMEWHERE,Other Travel,80.0,
2023-10-17,2023-10-18,XXXX,HIGHWAY TOLL,Gas/Automotive,4.0,
2023-10-16,2023-10-17,XXXX,SMARTRIP WASHINGTON SOMEWHERE,Other Travel,20.8,
2023-10-16,2023-10-17,XXXX,SMARTRIP WASHINGTON SOMEWHERE,Other Travel,8.8,
2023-10-16,2023-10-17,XXXX,HIGHWAY TOLL,Gas/Automotive,4.0,
2023-10-15,2023-10-16,XXXX,UBER   TRIP,Other Travel,14.99,
2023-10-15,2023-10-16,XXXX,SUNOCO 0127945400,Gas/Automotive,14.96,
2023-10-15,2023-10-16,XXXX,APPLE.COM/BILL,Entertainment,4.0,
2023-10-13,2023-10-14,XXXX,DRYBAR RALEIGH AT MIDT,Other Services,26.4,
2023-10-12,2023-10-13,XXXX,HIGHWAY TOLL,Gas/Automotive,4.0,
2023-10-12,2023-10-12,XXXX,UBER   TRIP,Other Travel,2.1,
2023-10-12,2023-10-12,XXXX,UBER   TRIP,Other Travel,12.75,
2023-10-10,2023-10-12,XXXX,NOURIA STORE 1010,Gas/Automotive,19.86,
2023-10-11,2023-10-12,XXXX,CHATGPT SUBSCRIPTION,Merchandise,8.0,
2023-10-11,2023-10-12,XXXX,THEFARMERSDOG.COM,Merchandise,22.79,
2023-10-11,2023-10-12,XXXX,MYOLLIE.COM,Merchandise,34.74,
2023-10-11,2023-10-11,XXXX,MYBANK ONLINE PYMT,Payment/Credit,,1173.68
2023-10-10,2023-10-11,XXXX,TOPCOAT NAIL BAR & SPA,Other Services,34.0,
2023-10-10,2023-10-11,XXXX,UPS*1Z49103F0330945723,Other Travel,11.54,
2023-10-09,2023-10-10,XXXX,WWW.CLICKANDGROW.COM,Merchandise,5.09,
2023-10-08,2023-10-09,XXXX,TIPJAR* TPJR.US/NY8YJE,Merchandise,1.41,
2023-10-08,2023-10-09,XXXX,UPS*ff07c2ffda164372a4,Other Travel,8.0,
2023-10-07,2023-10-09,XXXX,"City of Salem, MA",Gas/Automotive,2.46,
2023-10-07,2023-10-09,XXXX,SQ *SHINDIG!,Other Services,5.95,
2023-10-06,2023-10-07,XXXX,SQ *JAY CHRISTOPHERS SALO,Other Services,31.2,
2023-10-07,2023-10-07,XXXX,SP GREATS BRAND,Merchandise,4.0,
2023-10-06,2023-10-07,XXXX,UNITED      0162332379679,Airfare,321.02,
2023-10-06,2023-10-07,XXXX,UNITED      0162332379678,Airfare,321.02,
2023-10-06,2023-10-07,XXXX,BGT TOLL 1808376458069,Gas/Automotive,5.77,
2023-10-06,2023-10-06,XXXX,NASHOBA VALLEY SKI AREA,Entertainment,38.4,
2023-10-05,2023-10-06,XXXX,EXPRESS#0105,Merchandise,95.49,
2023-10-04,2023-10-06,XXXX,KOHL'S #1283,Merchandise,,60.12
2023-10-06,2023-10-06,XXXX,SEED.COM,Health Care,108.35,
2023-10-05,2023-10-06,XXXX,SP HISMILE US,Merchandise,12.13,
2023-10-05,2023-10-06,XXXX,FH* BETTER THAN FICTIO,Entertainment,23.74,
2023-10-05,2023-10-06,XXXX,SP STATE AND LIBERTY,Merchandise,242.56,
2023-10-05,2023-10-05,XXXX,MYBANK ONLINE PYMT,Payment/Credit,,209.62
2023-10-04,2023-10-05,XXXX,ASTOUND POWERED BY RCN,Phone/Cable,7.22,
2023-10-01,2023-10-02,XXXX,SUNOCO 0656567500,Gas/Automotive,16.47,
2023-09-30,2023-10-02,XXXX,WALGREENS #19659,Health Care,2.63,
2023-09-30,2023-10-02,XXXX,SQ *THE SPARROW STORE,Merchandise,1.68,
2023-09-28,2023-09-29,XXXX,WWW.KOHLS.COM #0873,Merchandise,38.83,
2023-09-26,2023-09-27,XXXX,APPLE.COM/BILL,Entertainment,17.64,
2023-09-26,2023-09-27,XXXX,HIGHWAY TOLL,Gas/Automotive,4.0,
2023-09-24,2023-09-25,XXXX,SPEEDWAY 02485,Gas/Automotive,9.18,
2023-09-24,2023-09-25,XXXX,KOHL'S #1283,Merchandise,118.18,
2023-09-23,2023-09-23,XXXX,MYBANK MOBILE PYMT,Payment/Credit,,571.65
2023-09-22,2023-09-23,XXXX,CITY OF PORTLAND,Gas/Automotive,1.0,
2023-09-21,2023-09-22,XXXX,SUNOCO 8000512102,Gas/Automotive,17.99,
2023-09-21,2023-09-22,XXXX,THEFARMERSDOG.COM,Merchandise,18.26,
2023-09-20,2023-09-21,XXXX,HIGHWAY TOLL,Gas/Automotive,4.0,
2023-09-19,2023-09-20,XXXX,PUREHOCKEY120 MARLBORO,Merchandise,180.52,
2023-09-19,2023-09-20,XXXX,HIGHWAY TOLL,Gas/Automotive,4.0,
2023-09-19,2023-09-20,XXXX,HIGHWAY TOLL,Gas/Automotive,4.0,
2023-09-18,2023-09-19,XXXX,REG SOLOMON POND  1721,Entertainment,13.2,
2023-09-17,2023-09-19,XXXX,NOURIA STORE 1010,Gas/Automotive,30.33,
2023-09-18,2023-09-19,XXXX,SEED.COM,Health Care,12.74,
2023-09-18,2023-09-19,XXXX,HIGHWAY TOLL,Gas/Automotive,4.0,
2023-09-18,2023-09-19,XXXX,DRINKLMNT,Merchandise,46.8,
2023-09-18,2023-09-18,XXXX,MYBANK ONLINE PYMT,Payment/Credit,,707.58
2023-09-16,2023-09-18,XXXX,HAMPTON INN ERIE,Lodging,31.8,
2023-09-17,2023-09-18,XXXX,HIGHWAY TOLL,Gas/Automotive,4.0,
2023-09-16,2023-09-18,XXXX,EXXON KHANDA FOOD MART,Gas/Automotive,13.71,
2023-09-16,2023-09-18,XXXX,SPEEDWAY 7008 CORFU,Gas/Automotive,16.46,
2023-09-16,2023-09-18,XXXX,CITY OF SYRACUSE,Gas/Automotive,1.6,
2023-09-15,2023-09-18,XXXX,SUNOCO 0420776700,Gas/Automotive,11.69,
2023-09-15,2023-09-18,XXXX,SUNOCO 0309194900,Gas/Automotive,10.42,
2023-09-16,2023-09-18,XXXX,SPEEDWAY 7008 CORFU,Gas/Automotive,53.15,
2023-09-16,2023-09-18,XXXX,EXXON KHANDA FOOD MART,Gas/Automotive,40.5,
2023-09-16,2023-09-18,XXXX,SQ *SYRACUSE PARKING SERV,Gas/Automotive,4.8,
2023-09-15,2023-09-18,XXXX,SUNOCO 0420776700,Gas/Automotive,40.0,
2023-09-15,2023-09-18,XXXX,SUNOCO 0420776700,Gas/Automotive,1.81,
2023-09-15,2023-09-18,XXXX,ITR CONCESSION COMPANY LL,Gas/Automotive,4.24,
2023-09-15,2023-09-18,XXXX,ITR CONCESSION COMPANY LL,Gas/Automotive,1.64,
2023-09-15,2023-09-16,XXXX,TST* INTELLIGENTSIA - BRO,Dining,5.98,
2023-09-15,2023-09-16,XXXX,OHIO TURNPIKE PLAZA,Gas/Automotive,9.2,
2023-09-15,2023-09-16,XXXX,APPLE.COM/BILL,Entertainment,4.0,
2023-09-15,2023-09-16,XXXX,SQ *SKYWAY CONCESSION COM,Gas/Automotive,2.64,
2023-09-15,2023-09-15,XXXX,MYBANK MOBILE PYMT,Payment/Credit,,600.0
2023-09-14,2023-09-15,XXXX,TARGET        00032086,Merchandise,3.17,
2023-09-13,2023-09-15,XXXX,THE HOME DEPOT #1976,Merchandise,3.65,
2023-09-13,2023-09-15,XXXX,BUDGET1808376458069,Car Rental,410.71,
2023-09-13,2023-09-14,XXXX,SQ *ELEVATE COFFEE,Dining,6.05,
2023-09-12,2023-09-14,XXXX,ULTA #907,Merchandise,2.12,
2023-09-12,2023-09-13,XXXX,AUTOBARN MAZDA,Gas/Automotive,299.03,
2023-09-11,2023-09-13,XXXX,ULTA #44,Merchandise,5.73,
2023-09-12,2023-09-12,XXXX,MYBANK MEMBER FEE,Fee/Interest Charge,158.0,
2023-09-11,2023-09-12,XXXX,CHATGPT SUBSCRIPTION,Merchandise,8.0,
2023-09-10,2023-09-11,XXXX,KINGSTON MINES,Dining,13.6,
2023-09-09,2023-09-11,XXXX,KINGSTON MINES,Dining,16.0,
2023-09-10,2023-09-11,XXXX,TST* PARLAY AT JOY DISTRI,Dining,14.11,
2023-09-09,2023-09-11,XXXX,WWW.WENDELLABOATS.COM,Entertainment,33.6,
2023-09-07,2023-09-09,XXXX,SHEDD AQUARIUM,Entertainment,1.2,
2023-09-08,2023-09-08,XXXX,MYBANK ONLINE PYMT,Payment/Credit,,800.0
2023-09-07,2023-09-08,XXXX,HIGHWAY TOLL,Gas/Automotive,4.0,
2023-09-06,2023-09-07,XXXX,SOLDIER FIELD SOUTH,Gas/Automotive,6.0,
2023-09-05,2023-09-06,XXXX,LAKEVIEW SMILES,Health Care,97.84,
2023-09-04,2023-09-06,XXXX,DEV PETROLEUM CITGO,Gas/Automotive,16.88,
2023-09-04,2023-09-06,XXXX,SHELL OIL 52136600039,Gas/Automotive,17.06,
2023-09-04,2023-09-05,XXXX,POSHMARK,Merchandise,7.93,
2023-09-03,2023-09-04,XXXX,DOUD'S MARKET,Merchandise,1.69,
2023-09-03,2023-09-04,XXXX,HIGHWAY TOLL,Gas/Automotive,4.0,
2023-09-03,2023-09-04,XXXX,ASTOUND POWERED BY RCN,Phone/Cable,23.2,
2023-09-01,2023-09-04,XXXX,CHIPPEWA HOTEL WATERFR,Dining,17.2,
2023-09-02,2023-09-04,XXXX,FORGE A MEMORY,Merchandise,76.3,
2023-09-02,2023-09-04,XXXX,CINDY'S RIDING STABLE,Entertainment,49.44,
2023-09-02,2023-09-04,XXXX,HIGHWAY TOLL,Gas/Automotive,4.0,
2023-09-02,2023-09-04,XXXX,SQ *MY FRONT PORCH,Other Services,15.46,
2023-09-01,2023-09-04,XXXX,SANDERS CANDY ON MACKI,Merchandise,0.84,
2023-09-02,2023-09-02,XXXX,MYBANK MOBILE PYMT,Payment/Credit,,400.0
2023-08-31,2023-09-02,XXXX,MEIJER # 254 FUEL,Gas/Automotive,14.4,
2023-08-31,2023-09-02,XXXX,SHEPLERS MACKINAC ISLA,Other Travel,44.0,
2023-09-01,2023-09-01,XXXX,COTHTL,Other Travel,38.6,
2023-08-31,2023-09-01,XXXX,LSOS DUP DL OR ID,Other Services,2.4,
2023-08-30,2023-08-31,XXXX,VENTRA ACCOUNT,Other Travel,2.0,
2023-08-30,2023-08-31,XXXX,USPS CHANGE OF ADDRESS,Other Services,0.44,
2023-08-30,2023-08-31,XXXX,GRAND HOTEL,Lodging,242.49,
2023-08-30,2023-08-31,XXXX,THEFARMERSDOG.COM,Merchandise,23.63,
2023-08-28,2023-08-30,XXXX,MEDSTAR CAPITALS ICEPLEX,Entertainment,188.0,
2023-08-29,2023-08-29,XXXX,"1-800-FLOWERS.COM,INC.",Merchandise,28.31,
2023-08-28,2023-08-29,XXXX,CRUMBL* SOUTHMEMORIAL,Merchandise,14.4,
2023-08-28,2023-08-29,XXXX,USA HOCKEY,Entertainment,24.4,
2023-08-27,2023-08-29,XXXX,U-HAUL WEB TEAM ASSOC INC,Merchandise,35.16,
2023-08-27,2023-08-28,XXXX,LIM*RIDE COST,Entertainment,1.8,
2023-08-27,2023-08-28,XXXX,TARGET        00032086,Merchandise,4.32,
2023-08-26,2023-08-28,XXXX,LIM*RIDE COST,Entertainment,1.8,
2023-08-25,2023-08-28,XXXX,BROWN ELEPHANT-LINCOLN,Merchandise,10.8,
2023-08-25,2023-08-28,XXXX,BROWN ELEPHANT-CLARK,Merchandise,7.06,
2023-08-25,2023-08-26,XXXX,BUFFALO EXCHANGE IL01,Merchandise,22.93,
2023-08-25,2023-08-26,XXXX,LIM*RIDE COST,Entertainment,1.29,
2023-08-25,2023-08-26,XXXX,LIM*RIDE COST,Entertainment,0.78,
2023-08-25,2023-08-26,XXXX,SQ *LA COLOMBE - ANDERSON,Dining,3.17,
2023-08-25,2023-08-26,XXXX,LIM*RIDE COST,Entertainment,3.16,
2023-08-25,2023-08-26,XXXX,CROSSTOWN FITNESS,Entertainment,70.0,
2023-08-25,2023-08-26,XXXX,CROSSTOWN FITNESS,Entertainment,70.0,
2023-08-24,2023-08-26,XXXX,KID ROCKS HONKY TONK & ST,Dining,6.2,
2023-08-25,2023-08-26,XXXX,JASON ALDEANS,Dining,6.0,
2023-08-24,2023-08-25,XXXX,JERSEY MIKES ONLINE ORDE,Dining,7.22,
2023-08-24,2023-08-25,XXXX,SOBRO WINE AND SPIRITS,Merchandise,34.52,
2023-08-23,2023-08-25,XXXX,ELLA'S ON 2ND,Dining,5.27,
2023-08-23,2023-08-25,XXXX,KID ROCKS HONKY TONK & ST,Dining,21.08,
2023-08-23,2023-08-24,XXXX,SOBRO WINE AND SPIRITS,Merchandise,29.28,
2023-08-20,2023-08-22,XXXX,JEWEL OSCO 3514,Merchandise,41.57,
2023-08-19,2023-08-21,XXXX,BINNYS BEVERAGE DEPOT 011,Merchandise,53.99,
2023-08-18,2023-08-19,XXXX,TARGET        00032086,Merchandise,2.48,
2023-08-18,2023-08-19,XXXX,SP GREATS BRAND,Merchandise,64.26,
2023-08-18,2023-08-19,XXXX,TST* THE WIENER'S CIRCLE,Dining,4.6,
2023-08-16,2023-08-17,XXXX,J. CREW #820,Merchandise,,27.63
2023-08-15,2023-08-16,XXXX,APPLE.COM/BILL,Entertainment,4.0,
2023-08-15,2023-08-15,XXXX,MYBANK MOBILE PYMT,Payment/Credit,,131.86
2023-08-14,2023-08-15,XXXX,VENTRA ACCOUNT,Other Travel,2.0,
2023-08-13,2023-08-15,XXXX,BOOT BARN #149,Merchandise,32.02,
2023-08-14,2023-08-15,XXXX,UBER   TRIP,Other Travel,2.76,
2023-08-12,2023-08-15,XXXX,BONFIRE,Dining,24.03,
2023-08-12,2023-08-14,XXXX,TST* Amigos Mexican Resta,Dining,6.8,
2023-08-12,2023-08-14,XXXX,TST* Amigos Mexican Resta,Dining,4.4,
2023-08-12,2023-08-14,XXXX,FOREPLAY SPORTS PUB,Dining,13.6,
2023-08-11,2023-08-14,XXXX,TIN ROOF ACQUISITION CO,Dining,14.4,
2023-08-11,2023-08-14,XXXX,PY *GREEN MARKET H6,Dining,4.5,
2023-08-12,2023-08-14,XXXX,THREE DOLLAR DEWEYS,Dining,3.42,
2023-08-12,2023-08-14,XXXX,THREE DOLLAR DEWEYS,Dining,3.42,
2023-08-12,2023-08-14,XXXX,THREE DOLLAR DEWEYS,Dining,3.42,
2023-08-11,2023-08-12,XXXX,VENTRA ACCOUNT,Other Travel,0.9,
2023-08-11,2023-08-12,XXXX,SQ *ELEVATE COFFEE,Dining,2.77,
2023-08-11,2023-08-12,XXXX,CHATGPT SUBSCRIPTION,Merchandise,8.0,
2023-08-11,2023-08-11,XXXX,LULULEMON OFFER 25150C,Payment/Credit,,1.63
2023-08-11,2023-08-11,XXXX,LULULEMON OFFER 36DA67,Payment/Credit,,7.49
2023-08-11,2023-08-11,XXXX,LULULEMON OFFER 509233,Payment/Credit,,1.3
2023-08-10,2023-08-10,XXXX,MYBANK MOBILE PYMT,Payment/Credit,,1104.12
2023-08-09,2023-08-10,XXXX,THE SECOND CITY INC,Entertainment,36.76,
2023-08-08,2023-08-10,XXXX,CBD KRATOM NORTHALSTED,Merchandise,39.88,
2023-08-07,2023-08-08,XXXX,UBER   TRIP,Other Travel,5.8,
2023-08-07,2023-08-08,XXXX,BP#8936460LAKE & SKOKIE,Gas/Automotive,15.93,
